,wrapper,wrapper,wrapper,resnet50,mobilenet,densenet121
error,,,,26.91599726676941,29.91200089454651,26.68600082397461
total_time,,,,553.6691615581512,83.15692830085754,175.91647171974182
