,resnet50,mobilenet,densenet121
error,26.91599726676941,29.91200089454651,26.68600082397461
total_time,149.44456315040588,87.90135383605957,184.24348068237305
