,resnet50,mobilenet,densenet121
error,26.91599726676941,29.91200089454651,26.68600082397461
total_time,137.4284782409668,82.4616150856018,173.1404242515564
